chi2,fratio,logg,teff1,teff2,dlogchi2,KEPLER_surface,KEPLER_spot,IRAC_CH1_surface,IRAC_CH1_spot,IRAC_CH2_surface,IRAC_CH2_spot,SPECULOOS_surface,SPECULOOS_spot,PANSTARRS_G_surface,PANSTARRS_G_spot,PANSTARRS_R_surface,PANSTARRS_R_spot,PANSTARRS_I_surface,PANSTARRS_I_spot,PANSTARRS_Z_surface,PANSTARRS_Z_spot,PANSTARRS_Y_surface,PANSTARRS_Y_spot,2MASS_J_surface,2MASS_J_spot,2MASS_H_surface,2MASS_H_spot,2MASS_KS_surface,2MASS_KS_spot,WISE_W1_surface,WISE_W1_spot,WISE_W2_surface,WISE_W2_spot,WISE_W3_surface,WISE_W3_spot,WISE_W4_surface,WISE_W4_spot
39181.31951290073,0.0,5.208396580093247,2000.0,2000.0,2.1909655263906753,3.437405697143331e-13,3.437405697143331e-13,1.0214060176801296e-12,1.0214060176801296e-12,6.320481815381598e-13,6.320481815381598e-13,1.2860304253061735e-12,1.2860304253061735e-12,4.409505549249033e-15,4.409505549249033e-15,3.871879475029438e-14,3.871879475029438e-14,2.507873777473408e-13,2.507873777473408e-13,7.518448533786781e-13,7.518448533786781e-13,7.106719991039507e-13,7.106719991039507e-13,4.568264738906524e-12,4.568264738906524e-12,4.66753894425992e-12,4.66753894425992e-12,2.610725852718019e-12,2.610725852718019e-12,2.14373976634896e-12,2.14373976634896e-12,1.2142735559525034e-12,1.2142735559525034e-12,2.9641722065622906e-13,2.9641722065622906e-13,1.830341622654989e-14,1.830341622654989e-14
46117.88652397407,0.0,5.208396580093247,2020.0,2020.0,2.2617558650779825,3.3387171214578565e-13,3.3387171214578565e-13,1.023493717121607e-12,1.023493717121607e-12,6.149733527532428e-13,6.149733527532428e-13,1.2976823857275969e-12,1.2976823857275969e-12,3.990877863725187e-15,3.990877863725187e-15,3.8465899348829053e-14,3.8465899348829053e-14,2.3818456543707027e-13,2.3818456543707027e-13,7.535697302246146e-13,7.535697302246146e-13,7.334883779943528e-13,7.334883779943528e-13,4.817292279156935e-12,4.817292279156935e-12,4.897306796606028e-12,4.897306796606028e-12,2.657911738127954e-12,2.657911738127954e-12,2.127857355435305e-12,2.127857355435305e-12,1.1751032392822127e-12,1.1751032392822127e-12,2.901239346962797e-13,2.901239346962797e-13,1.7827419104728043e-14,1.7827419104728043e-14
53909.56581268262,0.0,5.208396580093247,2040.0,2040.0,2.3295523027480547,3.2521379734098067e-13,3.2521379734098067e-13,1.0256945273085099e-12,1.0256945273085099e-12,5.988104876730541e-13,5.988104876730541e-13,1.310940287892034e-12,1.310940287892034e-12,3.621924478948117e-15,3.621924478948117e-15,3.8474832230144035e-14,3.8474832230144035e-14,2.268157351350409e-13,2.268157351350409e-13,7.556661413682361e-13,7.556661413682361e-13,7.569002566300639e-13,7.569002566300639e-13,5.078265284277003e-12,5.078265284277003e-12,5.137460911625043e-12,5.137460911625043e-12,2.7058105434193142e-12,2.7058105434193142e-12,2.1129011068550245e-12,2.1129011068550245e-12,1.1379112226684948e-12,1.1379112226684948e-12,2.8402969568836345e-13,2.8402969568836345e-13,1.7368335781626766e-14,1.7368335781626766e-14
62457.98250861517,0.0,5.208396580093247,2060.0,2060.0,2.393474420434191,3.1761458305538814e-13,3.1761458305538814e-13,1.028005325222784e-12,1.028005325222784e-12,5.835032487944012e-13,5.835032487944012e-13,1.325710327737829e-12,1.325710327737829e-12,3.29595483158206e-15,3.29595483158206e-15,3.8698821759321024e-14,3.8698821759321024e-14,2.1655089549214762e-13,2.1655089549214762e-13,7.581213487424778e-13,7.581213487424778e-13,7.809189146785691e-13,7.809189146785691e-13,5.351651248553329e-12,5.351651248553329e-12,5.388395832591541e-12,5.388395832591541e-12,2.7544237395915137e-12,2.7544237395915137e-12,2.098819613004722e-12,2.098819613004722e-12,1.1025768656277284e-12,1.1025768656277284e-12,2.781262312478547e-13,2.781262312478547e-13,1.6925407476305904e-14,1.6925407476305904e-14
71648.89039493246,0.0,5.208396580093247,2080.0,2080.0,2.4530959377063644,3.1095197579445385e-13,3.1095197579445385e-13,1.0304231224705632e-12,1.0304231224705632e-12,5.689993369807004e-13,5.689993369807004e-13,1.3419135241237335e-12,1.3419135241237335e-12,3.007264078613506e-15,3.007264078613506e-15,3.9103920839044374e-14,3.9103920839044374e-14,2.0727959884936463e-13,2.0727959884936463e-13,7.609234886419172e-13,7.609234886419172e-13,8.055557540293783e-13,8.055557540293783e-13,5.637932035903181e-12,5.637932035903181e-12,5.650517893679045e-12,5.650517893679045e-12,2.8037528571792553e-12,2.8037528571792553e-12,2.0855649559331786e-12,2.0855649559331786e-12,1.0689880660657488e-12,1.0689880660657488e-12,2.7240569225072725e-13,2.7240569225072725e-13,1.6497916384182075e-14,1.6497916384182075e-14
81356.35111842764,0.0,5.208396580093247,2100.0,2100.0,2.5082779306916665,3.051271448471329e-13,3.051271448471329e-13,1.0329450581124247e-12,1.0329450581124247e-12,5.552501645061277e-13,5.552501645061277e-13,1.3594831326392262e-12,1.3594831326392262e-12,2.7509771487290884e-15,2.7509771487290884e-15,3.9665474784785653e-14,3.9665474784785653e-14,1.989074713689974e-13,1.989074713689974e-13,7.640615061316827e-13,7.640615061316827e-13,8.308222991154637e-13,8.308222991154637e-13,5.937604195803081e-12,5.937604195803081e-12,5.924245468027122e-12,5.924245468027122e-12,2.8537994826487557e-12,2.8537994826487557e-12,2.0730924334232333e-12,2.0730924334232333e-12,1.0370405766133192e-12,1.0370405766133192e-12,2.6686062722433566e-13,2.6686062722433566e-13,1.6085183096933726e-14,1.6085183096933726e-14
75648.62328496376,0.0,5.208396580093247,2120.0,2120.0,2.4766874974981734,3.2473238261133414e-13,3.2473238261133414e-13,1.0538647551932887e-12,1.0538647551932887e-12,5.709750653726602e-13,5.709750653726602e-13,1.4353036296327709e-12,1.4353036296327709e-12,2.998269576716299e-15,2.998269576716299e-15,4.1320047180269054e-14,4.1320047180269054e-14,2.1354681565277458e-13,2.1354681565277458e-13,8.09856589362818e-13,8.09856589362818e-13,8.715306053484784e-13,8.715306053484784e-13,6.123311117915205e-12,6.123311117915205e-12,6.105787268385739e-12,6.105787268385739e-12,2.9494077494131153e-12,2.9494077494131153e-12,2.1206471089698955e-12,2.1206471089698955e-12,1.0679385717097522e-12,1.0679385717097522e-12,2.7097565823821184e-13,2.7097565823821184e-13,1.6380490578418396e-14,1.6380490578418396e-14
70146.59460679647,0.0,5.208396580093247,2140.0,2140.0,2.443893060976123,3.4563685607210546e-13,3.4563685607210546e-13,1.0750124225315356e-12,1.0750124225315356e-12,5.870251413306455e-13,5.870251413306455e-13,1.5148253066683513e-12,1.5148253066683513e-12,3.268803154761462e-15,3.268803154761462e-15,4.3101853424841686e-14,4.3101853424841686e-14,2.2927093357893345e-13,2.2927093357893345e-13,8.580004195515894e-13,8.580004195515894e-13,9.138462621349628e-13,9.138462621349628e-13,6.313223816392045e-12,6.313223816392045e-12,6.291233158639831e-12,6.291233158639831e-12,3.047306508624989e-12,3.047306508624989e-12,2.1688992036042894e-12,2.1688992036042894e-12,1.0994994900577085e-12,1.0994994900577085e-12,2.7511707069038393e-13,2.7511707069038393e-13,1.6678381664292444e-14,1.6678381664292444e-14
64865.20906452261,0.0,5.208396580093247,2160.0,2160.0,2.409898290894149,3.679327013611562e-13,3.679327013611562e-13,1.0963885175654567e-12,1.0963885175654567e-12,6.034048118530595e-13,6.034048118530595e-13,1.598211415610072e-12,1.598211415610072e-12,3.564770530509145e-15,3.564770530509145e-15,4.5027701822764874e-14,4.5027701822764874e-14,2.4615761102573384e-13,2.4615761102573384e-13,9.085945857313736e-13,9.085945857313736e-13,9.578179414749686e-13,9.578179414749686e-13,6.507405374957416e-12,6.507405374957416e-12,6.480633768174884e-12,6.480633768174884e-12,3.1475295012822702e-12,3.1475295012822702e-12,2.2178544875786157e-12,2.2178544875786157e-12,1.1317323226657805e-12,1.1317323226657805e-12,2.7928482556356476e-13,2.7928482556356476e-13,1.6978854700140555e-14,1.6978854700140555e-14
59818.41833658688,0.0,5.208396580093247,2180.0,2180.0,2.374721394343684,3.9172027374767014e-13,3.9172027374767014e-13,1.1179934959022446e-12,1.1179934959022446e-12,6.201185258990725e-13,6.201185258990725e-13,1.6856324338986024e-12,1.6856324338986024e-12,3.888566173133845e-15,3.888566173133845e-15,4.711738863274446e-14,4.711738863274446e-14,2.642902074123644e-13,2.642902074123644e-13,9.61744335534108e-13,9.61744335534108e-13,1.003495358538295e-12,1.003495358538295e-12,6.7059194703128314e-12,6.7059194703128314e-12,6.674040010791118e-12,6.674040010791118e-12,3.2501106704204544e-12,3.2501106704204544e-12,2.267518771251485e-12,2.267518771251485e-12,1.1646461154222185e-12,1.1646461154222185e-12,2.834788845321363e-13,2.834788845321363e-13,1.7281908049747563e-14,1.7281908049747563e-14
55019.25585108794,0.0,5.208396580093247,2200.0,2200.0,2.338401180864609,4.171091864308371e-13,4.171091864308371e-13,1.1398278113407055e-12,1.1398278113407055e-12,6.371707618823021e-13,6.371707618823021e-13,1.7772664624922084e-12,1.7772664624922084e-12,4.24280395340639e-15,4.24280395340639e-15,4.939428317165291e-14,4.939428317165291e-14,2.8375809490573076e-13,2.8375809490573076e-13,1.0175586840752931e-12,1.0175586840752931e-12,1.0509292852475822e-12,1.0509292852475822e-12,6.9088303769792586e-12,6.9088303769792586e-12,6.871503085191895e-12,6.871503085191895e-12,3.3550841608260517e-12,3.3550841608260517e-12,2.3178979052708725e-12,2.3178979052708725e-12,1.1982499690380437e-12,1.1982499690380437e-12,2.8769920994545657e-13,2.8769920994545657e-13,1.7587540094733756e-14,1.7587540094733756e-14
48728.77163513604,0.0,5.208396580093247,2220.0,2220.0,2.285671932445423,4.4660559418766905e-13,4.4660559418766905e-13,1.164634871379164e-12,1.164634871379164e-12,6.537260217133281e-13,6.537260217133281e-13,1.8826331685655347e-12,1.8826331685655347e-12,4.6842511673227656e-15,4.6842511673227656e-15,5.082096159262179e-14,5.082096159262179e-14,3.075092734118158e-13,3.075092734118158e-13,1.0822860838168343e-12,1.0822860838168343e-12,1.1034493378068038e-12,1.1034493378068038e-12,7.143805908610149e-12,7.143805908610149e-12,7.100533247011903e-12,7.100533247011903e-12,3.4728222039600547e-12,3.4728222039600547e-12,2.3730475382273988e-12,2.3730475382273988e-12,1.2300725594917102e-12,1.2300725594917102e-12,2.9172802892354633e-13,2.9172802892354633e-13,1.7861011967609068e-14,1.7861011967609068e-14
42837.93508472186,0.0,5.208396580093247,2240.0,2240.0,2.2297149970952077,4.783390581150476e-13,4.783390581150476e-13,1.189757618793014e-12,1.189757618793014e-12,6.70567159088169e-13,6.70567159088169e-13,1.9937223581784444e-12,1.9937223581784444e-12,5.168577124742142e-15,5.168577124742142e-15,5.235531004094655e-14,5.235531004094655e-14,3.3332338905165015e-13,3.3332338905165015e-13,1.1506672283696016e-12,1.1506672283696016e-12,1.1581140351238331e-12,1.1581140351238331e-12,7.38484434878421e-12,7.38484434878421e-12,7.335221561254876e-12,7.335221561254876e-12,3.5936127393138645e-12,3.5936127393138645e-12,2.4290319463187754e-12,2.4290319463187754e-12,1.26245594921508e-12,1.26245594921508e-12,2.957771676784529e-13,2.957771676784529e-13,1.813624120647962e-14,1.813624120647962e-14
37361.9889226725,0.0,5.208396580093247,2260.0,2260.0,2.1703164560530537,5.124698595862324e-13,5.124698595862324e-13,1.2151973146010634e-12,1.2151973146010634e-12,6.876967250658394e-13,6.876967250658394e-13,2.110828273233899e-12,2.110828273233899e-12,5.699632703614533e-15,5.699632703614533e-15,5.400779411216051e-14,5.400779411216051e-14,3.613637720233238e-13,3.613637720233238e-13,1.2228848135617726e-12,1.2228848135617726e-12,1.2149919935000028e-12,1.2149919935000028e-12,7.632057541907822e-12,7.632057541907822e-12,7.575662211880357e-12,7.575662211880357e-12,3.7175077886026575e-12,3.7175077886026575e-12,2.485857147438458e-12,2.485857147438458e-12,1.2954051914283709e-12,1.2954051914283709e-12,2.9984655854112946e-13,2.9984655854112946e-13,1.8413223495320667e-14,1.8413223495320667e-14
32310.263499438333,0.0,5.208396580093247,2280.0,2280.0,2.107226968538245,5.491695990487845e-13,5.491695990487845e-13,1.2409552149388621e-12,1.2409552149388621e-12,7.051172737589906e-13,7.051172737589906e-13,2.2342601765649283e-12,2.2342601765649283e-12,6.281585617484865e-15,6.281585617484865e-15,5.579019944342366e-14,5.579019944342366e-14,3.918056792452083e-13,3.918056792452083e-13,1.2991296313413535e-12,1.2991296313413535e-12,1.2741534427774823e-12,1.2741534427774823e-12,7.88555874821819e-12,7.88555874821819e-12,7.821950280875888e-12,7.821950280875888e-12,3.844559818957019e-12,3.844559818957019e-12,2.5435291684099737e-12,2.5435291684099737e-12,1.3289253442449957e-12,1.3289253442449957e-12,3.0393613475130917e-13,3.0393613475130917e-13,1.8691954568457793e-14,1.8691954568457793e-14
27686.393848702275,0.0,5.208396580093247,2300.0,2300.0,2.040152861306913,5.886220092343776e-13,5.886220092343776e-13,1.2670325711233011e-12,1.2670325711233011e-12,7.228313623264881e-13,7.228313623264881e-13,2.3643431343404695e-12,2.3643431343404695e-12,6.918944117664691e-15,6.918944117664691e-15,5.771580715942542e-14,5.771580715942542e-14,4.2483708838094465e-13,4.2483708838094465e-13,1.3796008876696882e-12,1.3796008876696882e-12,1.3356702513783301e-12,1.3356702513783301e-12,8.145462657649313e-12,8.145462657649313e-12,8.074181752089364e-12,8.074181752089364e-12,3.974821743353439e-12,3.974821743353439e-12,2.602054045091575e-12,2.602054045091575e-12,1.3630214706655932e-12,1.3630214706655932e-12,3.0804583043740784e-13,3.0804583043740784e-13,1.8972430209538813e-14,1.8972430209538813e-14
22602.687818122282,0.0,5.208396580093247,2320.0,2320.0,1.9520465554317878,6.368297045923064e-13,6.368297045923064e-13,1.293197785504289e-12,1.293197785504289e-12,7.383041290599625e-13,7.383041290599625e-13,2.4995496555958994e-12,2.4995496555958994e-12,7.824446472936761e-15,7.824446472936761e-15,6.088991543695989e-14,6.088991543695989e-14,4.649372565823243e-13,4.649372565823243e-13,1.4677709849658689e-12,1.4677709849658689e-12,1.3923831251987996e-12,1.3923831251987996e-12,8.35779247531781e-12,8.35779247531781e-12,8.290605705253386e-12,8.290605705253386e-12,4.093760196639289e-12,4.093760196639289e-12,2.6605540258130046e-12,2.6605540258130046e-12,1.3923232342073326e-12,1.3923232342073326e-12,3.116067868716635e-13,3.116067868716635e-13,1.9130333069430308e-14,1.9130333069430308e-14
18112.786634488904,0.0,5.208396580093247,2340.0,2340.0,1.8558717399456324,6.88895593054122e-13,6.88895593054122e-13,1.319682642913569e-12,1.319682642913569e-12,7.539738600763263e-13,7.539738600763263e-13,2.6424116395717607e-12,2.6424116395717607e-12,8.840286976682165e-15,8.840286976682165e-15,6.425147739424923e-14,6.425147739424923e-14,5.086686550658236e-13,5.086686550658236e-13,1.5611509860478594e-12,1.5611509860478594e-12,1.4510325456849188e-12,1.4510325456849188e-12,8.574055396037504e-12,8.574055396037504e-12,8.511172667419595e-12,8.511172667419595e-12,4.2152402627742284e-12,4.2152402627742284e-12,2.719875793018439e-12,2.719875793018439e-12,1.4219989388316029e-12,1.4219989388316029e-12,3.1517849667475965e-13,3.1517849667475965e-13,1.928817841794298e-14,1.928817841794298e-14
14199.819463034926,0.0,5.208396580093247,2360.0,2360.0,1.7501692914944993,7.451206135663575e-13,7.451206135663575e-13,1.3464884775225428e-12,1.3464884775225428e-12,7.698414021184962e-13,7.698414021184962e-13,2.793384064064323e-12,2.793384064064323e-12,9.97892701562593e-15,9.97892701562593e-15,6.78128330145807e-14,6.78128330145807e-14,5.56344269259712e-13,5.56344269259712e-13,1.6600292405938751e-12,1.6600292405938751e-12,1.511669226351018e-12,1.511669226351018e-12,8.79429917742663e-12,8.79429917742663e-12,8.735933786078404e-12,8.735933786078404e-12,4.3392955194738084e-12,4.3392955194738084e-12,2.7800242911183345e-12,2.7800242911183345e-12,1.4520501749986019e-12,1.4520501749986019e-12,3.1876090739404033e-13,3.1876090739404033e-13,1.9445966772251807e-14,1.9445966772251807e-14
10841.558210567771,0.0,5.208396580093247,2380.0,2380.0,1.632978174678306,8.058285667595227e-13,8.058285667595227e-13,1.373616619852299e-12,1.373616619852299e-12,7.859075989073988e-13,7.859075989073988e-13,2.9529509059990005e-12,2.9529509059990005e-12,1.1254128036613116e-14,1.1254128036613116e-14,7.158720114918176e-14,7.158720114918176e-14,6.083027012991844e-13,6.083027012991844e-13,1.7647092186949499e-12,1.7647092186949499e-12,1.5743448266309981e-12,1.5743448266309981e-12,9.018571970442062e-12,9.018571970442062e-12,8.964940565664668e-12,8.964940565664668e-12,4.4659597388713454e-12,4.4659597388713454e-12,2.8410044595635826e-12,2.8410044595635826e-12,1.4824785272141338e-12,1.4824785272141338e-12,3.22353967288715e-13,3.22353967288715e-13,1.9603698640537192e-14,1.9603698640537192e-14
8011.393290476367,0.0,5.208396580093247,2400.0,2400.0,1.5015945210924695,8.713678040033387e-13,8.713678040033387e-13,1.401068396816252e-12,1.401068396816252e-12,8.021732911794611e-13,8.021732911794611e-13,3.1216270696056905e-12,3.1216270696056905e-12,1.2681076423461539e-14,1.2681076423461539e-14,7.558874309470346e-14,7.558874309470346e-14,6.649101615007357e-13,6.649101615007357e-13,1.8755102636695927e-12,1.8755102636695927e-12,1.6391119628732689e-12,1.6391119628732689e-12,9.246922322572252e-12,9.246922322572252e-12,9.198244868704251e-12,9.198244868704251e-12,4.595266887649034e-12,4.595266887649034e-12,2.9028212329275664e-12,2.9028212329275664e-12,1.513285574105046e-12,1.513285574105046e-12,3.259576253142051e-13,3.259576253142051e-13,1.976137452221492e-14,1.976137452221492e-14
5749.630175447174,0.0,5.208396580093247,2420.0,2420.0,1.3575263798474229,9.461233155633583e-13,9.461233155633583e-13,1.428843738125265e-12,1.428843738125265e-12,8.22093559199545e-13,8.22093559199545e-13,3.315109073367332e-12,3.315109073367332e-12,1.4485643527194688e-14,1.4485643527194688e-14,8.065601485810248e-14,8.065601485810248e-14,7.294487689750646e-13,7.294487689750646e-13,1.999830508013415e-12,1.999830508013415e-12,1.7163914488135477e-12,1.7163914488135477e-12,9.536554988130782e-12,9.536554988130782e-12,9.466349393029275e-12,9.466349393029275e-12,4.723389342187758e-12,4.723389342187758e-12,2.9690469578196728e-12,2.9690469578196728e-12,1.5524277019761589e-12,1.5524277019761589e-12,3.3102671709460165e-13,3.3102671709460165e-13,2.007216569330297e-14,2.007216569330297e-14
3925.2669087513286,0.0,5.208396580093247,2440.0,2440.0,1.191755661780718,1.0271460763257796e-12,1.0271460763257796e-12,1.4569495931678817e-12,1.4569495931678817e-12,8.423574289833362e-13,8.423574289833362e-13,3.520343478614251e-12,3.520343478614251e-12,1.6532350421412417e-14,1.6532350421412417e-14,8.607191571926853e-14,8.607191571926853e-14,8.000194502533478e-13,8.000194502533478e-13,2.1316884910655912e-12,2.1316884910655912e-12,1.7966674967304558e-12,1.7966674967304558e-12,9.832971420777413e-12,9.832971420777413e-12,9.740133897438519e-12,9.740133897438519e-12,4.8540485354484106e-12,4.8540485354484106e-12,3.036312923547427e-12,3.036312923547427e-12,1.5922692935194247e-12,1.5922692935194247e-12,3.3613296769545594e-13,3.3613296769545594e-13,2.0385230997944647e-14,2.0385230997944647e-14
2506.893807558485,0.0,5.208396580093247,2460.0,2460.0,0.9970224062713338,1.1149596920320831e-12,1.1149596920320831e-12,1.485387438906269e-12,1.485387438906269e-12,8.629683346735973e-13,8.629683346735973e-13,3.738073103502539e-12,3.738073103502539e-12,1.8851847534970468e-14,1.8851847534970468e-14,9.186271885415711e-14,9.186271885415711e-14,8.771710864123049e-13,8.771710864123049e-13,2.271505380308978e-12,2.271505380308978e-12,1.880031913727295e-12,1.880031913727295e-12,1.0136280292942845e-11,1.0136280292942845e-11,1.001967606024599e-11,1.001967606024599e-11,4.987275345643983e-12,4.987275345643983e-12,3.104629332096505e-12,3.104629332096505e-12,1.6328174436100078e-12,1.6328174436100078e-12,3.412763592464413e-13,3.412763592464413e-13,2.0700568302786302e-14,2.0700568302786302e-14
1462.9219551700194,0.0,5.208396580093247,2480.0,2480.0,0.7631076264536203,1.2101321550905507e-12,1.2101321550905507e-12,1.5141587500973647e-12,1.5141587500973647e-12,8.8392972108063e-13,8.8392972108063e-13,3.9690919822340365e-12,3.9690919822340365e-12,2.1478450594176558e-14,2.1478450594176558e-14,9.805694254515693e-14,9.805694254515693e-14,9.615017370243726e-13,9.615017370243726e-13,2.4197242395197123e-12,2.4197242395197123e-12,1.9665785969862126e-12,1.9665785969862126e-12,1.0446591308677372e-11,1.0446591308677372e-11,1.0305054099294393e-11,1.0305054099294393e-11,5.1231008196595636e-12,5.1231008196595636e-12,3.174006448794968e-12,3.174006448794968e-12,1.6740792669690426e-12,1.6740792669690426e-12,3.464568741878875e-13,3.464568741878875e-13,2.1018175494379866e-14,2.1018175494379866e-14
762.0588713843349,0.0,5.208396580093247,2500.0,2500.0,0.47987499192637806,1.3132796935408189e-12,1.3132796935408189e-12,1.5432649993195703e-12,1.5432649993195703e-12,9.05245043646079e-13,9.05245043646079e-13,4.214249227514696e-12,4.214249227514696e-12,2.445055580878798e-14,2.445055580878798e-14,1.0468556413959951e-13,1.0468556413959951e-13,1.0536630056958398e-12,1.0536630056958398e-12,2.5768110953870597e-12,2.5768110953870597e-12,2.0564035655778046e-12,2.0564035655778046e-12,1.07640152086815e-11,1.07640152086815e-11,1.0596346773017579e-11,1.0596346773017579e-11,5.261556173327242e-12,5.261556173327242e-12,3.244454602545196e-12,3.244454602545196e-12,1.7160618980951526e-12,1.7160618980951526e-12,3.516744952644556e-13,3.516744952644556e-13,2.1338050478837624e-14,2.1338050478837624e-14
388.50845581081,0.0,5.208396580093247,2520.0,2520.0,0.18728694428500825,1.414904855269353e-12,1.414904855269353e-12,1.5721101041165977e-12,1.5721101041165977e-12,9.258321786691958e-13,9.258321786691958e-13,4.43768395578338e-12,4.43768395578338e-12,2.7681762368562984e-14,2.7681762368562984e-14,1.115796866901472e-13,1.115796866901472e-13,1.145591221115607e-12,1.145591221115607e-12,2.7209926008137797e-12,2.7209926008137797e-12,2.1314359212914057e-12,2.1314359212914057e-12,1.1008742258029609e-11,1.1008742258029609e-11,1.0837542216443938e-11,1.0837542216443938e-11,5.388319862770841e-12,5.388319862770841e-12,3.3143825372499496e-12,3.3143825372499496e-12,1.756584742168638e-12,1.756584742168638e-12,3.567921176791896e-13,3.567921176791896e-13,2.162911017706174e-14,2.162911017706174e-14
277.9822790967606,0.0,5.208396580093247,2540.0,2540.0,0.041903579967419446,1.5243651212015058e-12,1.5243651212015058e-12,1.6012780342778864e-12,1.6012780342778864e-12,9.467351820427895e-13,9.467351820427895e-13,4.673387148231738e-12,4.673387148231738e-12,3.131704608780409e-14,3.131704608780409e-14,1.1892228291920927e-13,1.1892228291920927e-13,1.2453805876879615e-12,1.2453805876879615e-12,2.872678291180142e-12,2.872678291180142e-12,2.2086187443437757e-12,2.2086187443437757e-12,1.1257268956578384e-11,1.1257268956578384e-11,1.1082508400225563e-11,1.1082508400225563e-11,5.517184638348207e-12,5.517184638348207e-12,3.385333298894034e-12,3.385333298894034e-12,1.7977505182183171e-12,1.7977505182183171e-12,3.619436600689323e-13,3.619436600689323e-13,2.192179353305582e-14,2.192179353305582e-14
406.8384260783638,0.0,5.208396580093247,2560.0,2560.0,0.20730843421403522,1.6422801671544139e-12,1.6422801671544139e-12,1.630770150978465e-12,1.630770150978465e-12,9.679566599363683e-13,9.679566599363683e-13,4.922116706575804e-12,4.922116706575804e-12,3.5404472825843356e-14,3.5404472825843356e-14,1.2674264100905683e-13,1.2674264100905683e-13,1.3537052226200355e-12,1.3537052226200355e-12,3.03223821409595e-12,3.03223821409595e-12,2.2879974191522564e-12,2.2879974191522564e-12,1.1509630021870748e-11,1.1509630021870748e-11,1.1331280184833091e-11,1.1331280184833091e-11,5.648170821334759e-12,5.648170821334759e-12,3.4573157565602156e-12,3.4573157565602156e-12,1.8395646056610445e-12,1.8395646056610445e-12,3.6712909024724433e-13,3.6712909024724433e-13,2.2216096732052732e-14,2.2216096732052732e-14
752.5849770356053,0.0,5.208396580093247,2580.0,2580.0,0.47444201347340176,1.7693209491966508e-12,1.7693209491966508e-12,1.6605878137256466e-12,1.6605878137256466e-12,9.894992225813787e-13,9.894992225813787e-13,5.184684724490557e-12,5.184684724490557e-12,3.9997605208741275e-14,3.9997605208741275e-14,1.3507200270017618e-13,1.3507200270017618e-13,1.4712981818777105e-12,1.4712981818777105e-12,3.2000599744175873e-12,3.2000599744175873e-12,2.3696179607597176e-12,2.3696179607597176e-12,1.1765860331700319e-11,1.1765860331700319e-11,1.1583892577597678e-11,1.1583892577597678e-11,5.781298817172963e-12,5.781298817172963e-12,3.530338819906493e-12,3.530338819906493e-12,1.8820323906645014e-12,1.8820323906645014e-12,3.7234837641277596e-13,3.7234837641277596e-13,2.251201599816764e-14,2.251201599816764e-14
1293.9813442692825,0.0,5.208396580093247,2600.0,2600.0,0.7098144837299247,1.9062141358093937e-12,1.9062141358093937e-12,1.6907323803773099e-12,1.6907323803773099e-12,1.0113654842543636e-12,1.0113654842543636e-12,5.461961806985226e-12,5.461961806985226e-12,4.515611878319939e-14,4.515611878319939e-14,1.4394369680350207e-13,1.4394369680350207e-13,1.5989567118878286e-12,1.5989567118878286e-12,3.376549536231352e-12,3.376549536231352e-12,2.4535270193653723e-12,2.4535270193653723e-12,1.2025994924769592e-11,1.2025994924769592e-11,1.184038073286749e-11,1.184038073286749e-11,5.91658911568503e-12,5.91658911568503e-12,3.6044114392380624e-12,3.6044114392380624e-12,1.9251592661227573e-12,1.9251592661227573e-12,3.776014871420644e-13,3.776014871420644e-13,2.280954759370346e-14,2.280954759370346e-14
2156.5476976775626,0.0,5.208396580093247,2620.0,2620.0,0.931645536853964,2.0805100318920147e-12,2.0805100318920147e-12,1.7242130844897483e-12,1.7242130844897483e-12,1.0371296139055176e-12,1.0371296139055176e-12,5.783510055407095e-12,5.783510055407095e-12,5.24958771217183e-14,5.24958771217183e-14,1.6259365586830187e-13,1.6259365586830187e-13,1.754163273198835e-12,1.754163273198835e-12,3.5815563769093096e-12,3.5815563769093096e-12,2.5482519530463152e-12,2.5482519530463152e-12,1.2324016327368978e-11,1.2324016327368978e-11,1.2132655756708862e-11,1.2132655756708862e-11,6.061234340771009e-12,6.061234340771009e-12,3.689678294753653e-12,3.689678294753653e-12,1.976834461524853e-12,1.976834461524853e-12,3.845262290715922e-13,3.845262290715922e-13,2.3253580129834736e-14,2.3253580129834736e-14
3272.488668428668,0.0,5.208396580093247,2640.0,2640.0,1.1127646201143384,2.271204350363319e-12,2.271204350363319e-12,1.7581247520710659e-12,1.7581247520710659e-12,1.0633830379540387e-12,1.0633830379540387e-12,6.125399019065147e-12,6.125399019065147e-12,6.097674980556461e-14,6.097674980556461e-14,1.8354144164847063e-13,1.8354144164847063e-13,1.924396963673093e-12,1.924396963673093e-12,3.798372203665213e-12,3.798372203665213e-12,2.645927246189318e-12,2.645927246189318e-12,1.2627280813336597e-11,1.2627280813336597e-11,1.2430073634396422e-11,1.2430073634396422e-11,6.208393972638758e-12,6.208393972638758e-12,3.776473390582416e-12,3.776473390582416e-12,2.029534156906579e-12,2.029534156906579e-12,3.9152577675797305e-13,3.9152577675797305e-13,2.3702788515644673e-14,2.3702788515644673e-14
4617.232760807104,0.0,5.208396580093247,2660.0,2660.0,1.2622682371724,2.4799034584517397e-12,2.4799034584517397e-12,1.7924702153468564e-12,1.7924702153468564e-12,1.0901320109424624e-12,1.0901320109424624e-12,6.4890940604749464e-12,6.4890940604749464e-12,7.076918814898699e-14,7.076918814898699e-14,2.0705715782177158e-13,2.0705715782177158e-13,2.1111169694881776e-12,2.1111169694881776e-12,4.027649963128254e-12,4.027649963128254e-12,2.746623608953071e-12,2.746623608953071e-12,1.293584582956868e-11,1.293584582956868e-11,1.273269110697403e-11,1.273269110697403e-11,6.358095673429222e-12,6.358095673429222e-12,3.864817421871459e-12,3.864817421871459e-12,2.0832716962723054e-12,2.0832716962723054e-12,3.9860039997986955e-13,3.9860039997986955e-13,2.4157193327409113e-14,2.4157193327409113e-14
6168.522467266069,0.0,5.208396580093247,2680.0,2680.0,1.388067619590116,2.7083767536600488e-12,2.7083767536600488e-12,1.827252311023583e-12,1.827252311023583e-12,1.1173828291825384e-12,1.1173828291825384e-12,6.8761801869428555e-12,6.8761801869428555e-12,8.20683373154135e-14,8.20683373154135e-14,2.334413290092035e-13,2.334413290092035e-13,2.3159242631006673e-12,2.3159242631006673e-12,4.270077375193981e-12,4.270077375193981e-12,2.8504129641395005e-12,2.8504129641395005e-12,1.3249769137312946e-11,1.3249769137312946e-11,1.3040565221807936e-11,1.3040565221807936e-11,6.510367271045756e-12,6.510367271045756e-12,3.954731303640459e-12,3.954731303640459e-12,2.138060509225938e-12,2.138060509225938e-12,4.0575036788343867e-13,4.0575036788343867e-13,2.461681506860346e-14,2.461681506860346e-14
7906.401024052637,0.0,5.208396580093247,2700.0,2700.0,1.4958653073180015,2.9585735353599485e-12,2.9585735353599485e-12,1.862473880288192e-12,1.862473880288192e-12,1.1451418307663136e-12,1.1451418307663136e-12,7.288372596005445e-12,7.288372596005445e-12,9.509756866722183e-14,9.509756866722183e-14,2.6302819894027053e-13,2.6302819894027053e-13,2.5405752627274506e-12,2.5405752627274506e-12,4.526378698285111e-12,4.526378698285111e-12,2.9573684603392797e-12,2.9573684603392797e-12,1.356910881313175e-11,1.356910881313175e-11,1.3353753333072454e-11,1.3353753333072454e-11,6.665236759751356e-12,6.665236759751356e-12,4.046236172322397e-12,4.046236172322397e-12,2.193914110965117e-12,2.193914110965117e-12,4.129759489899438e-13,4.129759489899438e-13,2.5081674170710794e-14,2.5081674170710794e-14
9992.268111626123,0.0,5.208396580093247,2720.0,2720.0,1.5975505471827907,3.214024016467218e-12,3.214024016467218e-12,1.896801784505999e-12,1.896801784505999e-12,1.1711379274548073e-12,1.1711379274548073e-12,7.685143767780452e-12,7.685143767780452e-12,1.097862365311336e-13,1.097862365311336e-13,3.0013841180761213e-13,3.0013841180761213e-13,2.7609617410399753e-12,2.7609617410399753e-12,4.773753863483655e-12,4.773753863483655e-12,3.0596991610050596e-12,3.0596991610050596e-12,1.3867368514542401e-11,1.3867368514542401e-11,1.3652167123799986e-11,1.3652167123799986e-11,6.813868140838233e-12,6.813868140838233e-12,4.134839789217002e-12,4.134839789217002e-12,2.246195182875042e-12,2.246195182875042e-12,4.1996012097377383e-13,4.1996012097377383e-13,2.5532803949290594e-14,2.5532803949290594e-14
12384.416519403378,0.0,5.208396580093247,2740.0,2740.0,1.6907620187221308,3.4927132569486522e-12,3.4927132569486522e-12,1.9315307156638333e-12,1.9315307156638333e-12,1.197555252102742e-12,1.197555252102742e-12,8.10468856592039e-12,8.10468856592039e-12,1.2664154671429865e-13,1.2664154671429865e-13,3.4222786317174414e-13,3.4222786317174414e-13,3.00027664525366e-12,3.00027664525366e-12,5.033675224660496e-12,5.033675224660496e-12,3.164834335983451e-12,3.164834335983451e-12,1.4170102783512569e-11,1.4170102783512569e-11,1.3955202794796015e-11,1.3955202794796015e-11,6.964804574623518e-12,6.964804574623518e-12,4.224870265947649e-12,4.224870265947649e-12,2.2993618712836595e-12,2.2993618712836595e-12,4.270115084771703e-13,4.270115084771703e-13,2.598866030821082e-14,2.598866030821082e-14
15085.292415448675,0.0,5.208396580093247,2760.0,2760.0,1.7764402017289278,3.796887311811465e-12,3.796887311811465e-12,1.9666628831426214e-12,1.9666628831426214e-12,1.2243980196607228e-12,1.2243980196607228e-12,8.548447758002024e-12,8.548447758002024e-12,1.4596950454656226e-13,1.4596950454656226e-13,3.899319255452718e-13,3.899319255452718e-13,3.260129599442117e-12,3.260129599442117e-12,5.306735524806516e-12,5.306735524806516e-12,3.2728313976325702e-12,3.2728313976325702e-12,1.4477349749644826e-11,1.4477349749644826e-11,1.426290247375138e-11,1.426290247375138e-11,7.118067620121467e-12,7.118067620121467e-12,4.31634392013422e-12,4.31634392013422e-12,2.353423271988918e-12,2.353423271988918e-12,4.3413028896157513e-13,4.3413028896157513e-13,2.6449257843354064e-14,2.6449257843354064e-14
18097.195070512495,0.0,5.208396580093247,2780.0,2780.0,1.8554977364085508,4.129019207234006e-12,4.129019207234006e-12,2.0022004977956347e-12,2.0022004977956347e-12,1.2516704621418412e-12,1.2516704621418412e-12,9.017961948395046e-12,9.017961948395046e-12,1.681177307512338e-13,1.681177307512338e-13,4.4396309148550116e-13,4.4396309148550116e-13,3.542264828276038e-12,3.542264828276038e-12,5.593553525755422e-12,5.593553525755422e-12,3.3837485557771364e-12,3.3837485557771364e-12,1.4789147663837047e-11,1.4789147663837047e-11,1.4575308442386902e-11,1.4575308442386902e-11,7.273678933339672e-12,7.273678933339672e-12,4.409277202118415e-12,4.409277202118415e-12,2.4083885157430936e-12,2.4083885157430936e-12,4.4131663936042145e-13,4.4131663936042145e-13,2.691461109023172e-14,2.691461109023172e-14
21421.993009742466,0.0,5.208396580093247,2800.0,2800.0,1.9287463419695445,4.49183230247866e-12,4.49183230247866e-12,2.0381457719527354e-12,2.0381457719527354e-12,1.2793768285867548e-12,1.2793768285867548e-12,9.514878868339541e-12,9.514878868339541e-12,1.9348096868721299e-13,1.9348096868721299e-13,5.051198792718989e-13,5.051198792718989e-13,3.84857211016758e-12,3.84857211016758e-12,5.894775055026856e-12,5.894775055026856e-12,3.497644823966354e-12,3.497644823966354e-12,1.5105534898528737e-11,1.5105534898528737e-11,1.4892463136516783e-11,1.4892463136516783e-11,7.431660267494158e-12,7.431660267494158e-12,4.503686695549458e-12,4.503686695549458e-12,2.4642667681724025e-12,2.4642667681724025e-12,4.4857073608516335e-13,4.4857073608516335e-13,2.7384734524671816e-14,2.7384734524671816e-14
24611.660079602436,0.0,5.208396580093247,2820.0,2820.0,1.9890273769722082,4.844645478118402e-12,4.844645478118402e-12,2.0734494592262424e-12,2.0734494592262424e-12,1.3036878837978995e-12,1.3036878837978995e-12,1.0009333331533758e-11,1.0009333331533758e-11,2.1964284707369848e-13,2.1964284707369848e-13,5.66544137579723e-13,5.66544137579723e-13,4.138826922182795e-12,4.138826922182795e-12,6.196656668288723e-12,6.196656668288723e-12,3.6218580872720013e-12,3.6218580872720013e-12,1.5470824082593874e-11,1.5470824082593874e-11,1.525159956760274e-11,1.525159956760274e-11,7.598198947449447e-12,7.598198947449447e-12,4.591817645074307e-12,4.591817645074307e-12,2.5123588520103407e-12,2.5123588520103407e-12,4.545182645112678e-13,4.545182645112678e-13,2.7745159439332105e-14,2.7745159439332105e-14
28078.41180044484,0.0,5.208396580093247,2840.0,2840.0,2.0462590078587732,5.2258827805195686e-12,5.2258827805195686e-12,2.1091209593230072e-12,2.1091209593230072e-12,1.3282925385007616e-12,1.3282925385007616e-12,1.0528897511426647e-11,1.0528897511426647e-11,2.491494307083832e-13,2.491494307083832e-13,6.350074088066513e-13,6.350074088066513e-13,4.449994359393243e-12,4.449994359393243e-12,6.5123148223946045e-12,6.5123148223946045e-12,3.7495935300004865e-12,3.7495935300004865e-12,1.5842384000559307e-11,1.5842384000559307e-11,1.5616898105839032e-11,1.5616898105839032e-11,7.767325676145717e-12,7.767325676145717e-12,4.681100387194811e-12,4.681100387194811e-12,2.5610499224445255e-12,2.5610499224445255e-12,4.605025119485164e-13,4.605025119485164e-13,2.8107733131430292e-14,2.8107733131430292e-14
31825.602516418054,0.0,5.208396580093247,2860.0,2860.0,2.100663103096762,5.637923333511988e-12,5.637923333511988e-12,2.1451616859293043e-12,2.1451616859293043e-12,1.3531923756553441e-12,1.3531923756553441e-12,1.1074858739961414e-11,1.1074858739961414e-11,2.8240494996189574e-13,2.8240494996189574e-13,7.112686580194165e-13,7.112686580194165e-13,4.783516542188211e-12,4.783516542188211e-12,6.842305301120849e-12,6.842305301120849e-12,3.880926443117841e-12,3.880926443117841e-12,1.6220279898259318e-11,1.6220279898259318e-11,1.5988423218345543e-11,1.5988423218345543e-11,7.939063815987428e-12,7.939063815987428e-12,4.771543188615095e-12,4.771543188615095e-12,2.6103433229308205e-12,2.6103433229308205e-12,4.665234547896583e-13,4.665234547896583e-13,2.847245317647677e-14,2.847245317647677e-14
35855.23005387489,0.0,5.208396580093247,2880.0,2880.0,2.1524389820719207,6.083351317980306e-12,6.083351317980306e-12,2.1815730502977197e-12,2.1815730502977197e-12,1.3783889769334642e-12,1.3783889769334642e-12,1.1648572065980963e-11,1.1648572065980963e-11,3.198598598833123e-13,3.198598598833123e-13,7.961637163495549e-13,7.961637163495549e-13,5.140930671011779e-12,5.140930671011779e-12,7.187203490844359e-12,7.187203490844359e-12,4.015933218232826e-12,4.015933218232826e-12,1.660457728900863e-11,1.660457728900863e-11,1.6366239643580416e-11,1.6366239643580416e-11,8.11343680489733e-12,8.11343680489733e-12,4.863154337450426e-12,4.863154337450426e-12,2.6602423937833558e-12,2.6602423937833558e-12,4.725810696866753e-13,4.725810696866753e-13,2.8839317169889e-14,2.8839317169889e-14
40167.76598333089,0.0,5.208396580093247,2900.0,2900.0,2.2017641468924287,6.564973755230398e-12,6.564973755230398e-12,2.218356461272646e-12,2.218356461272646e-12,1.4038839227318396e-12,1.4038839227318396e-12,1.2251463886209115e-11,1.2251463886209115e-11,3.620158547193507e-13,3.620158547193507e-13,8.906125794046993e-13,8.906125794046993e-13,5.523874996840418e-12,5.523874996840418e-12,7.547604974765617e-12,7.547604974765617e-12,4.15469135660332e-12,4.15469135660332e-12,1.6995341953417323e-11,1.6995341953417323e-11,1.6750412391131602e-11,1.6750412391131602e-11,8.29046815631395e-12,8.29046815631395e-12,4.9559421432441195e-12,4.9559421432441195e-12,2.7107504722049242e-12,2.7107504722049242e-12,4.786753335464468e-13,4.786753335464468e-13,2.920832272669137e-14,2.920832272669137e-14
44834.42732956724,0.0,5.208396580093247,2920.0,2920.0,2.249498095594605,6.990984314293528e-12,6.990984314293528e-12,2.2491642637362244e-12,2.2491642637362244e-12,1.4253546163348043e-12,1.4253546163348043e-12,1.2750654239779438e-11,1.2750654239779438e-11,4.0158565864430945e-13,4.0158565864430945e-13,9.860909051073932e-13,9.860909051073932e-13,5.845213651105788e-12,5.845213651105788e-12,7.847892207398995e-12,7.847892207398995e-12,4.2678866355175885e-12,4.2678866355175885e-12,1.7310676433606722e-11,1.7310676433606722e-11,1.7061912241885976e-11,1.7061912241885976e-11,8.434318958550502e-12,8.434318958550502e-12,5.0347623284600274e-12,5.0347623284600274e-12,2.7536072984877895e-12,2.7536072984877895e-12,4.843690343599437e-13,4.843690343599437e-13,2.957606324062359e-14,2.957606324062359e-14
49854.86695269583,0.0,5.208396580093247,2940.0,2940.0,2.2955940303054696,7.446023219026593e-12,7.446023219026593e-12,2.2801959954534902e-12,2.2801959954534902e-12,1.4470116696840574e-12,1.4470116696840574e-12,1.3268976476448616e-11,1.3268976476448616e-11,4.4528031010796035e-13,4.4528031010796035e-13,1.0912548848612856e-12,1.0912548848612856e-12,6.1839912471174695e-12,6.1839912471174695e-12,8.158416210348194e-12,8.158416210348194e-12,4.3833869229705574e-12,4.3833869229705574e-12,1.7629716491917737e-11,1.7629716491917737e-11,1.7377103299432526e-11,1.7377103299432526e-11,8.579713033992737e-12,8.579713033992737e-12,5.114345436615264e-12,5.114345436615264e-12,2.7968528787547434e-12,2.7968528787547434e-12,4.90091558136005e-13,4.90091558136005e-13,2.994587915359885e-14,2.994587915359885e-14
55228.89274250532,0.0,5.208396580093247,2960.0,2960.0,2.3400528050603366,7.932210912826211e-12,7.932210912826211e-12,2.3114518953304936e-12,2.3114518953304936e-12,1.4688555248738177e-12,1.4688555248738177e-12,1.3807142472014044e-11,1.3807142472014044e-11,4.935186509442471e-13,4.935186509442471e-13,1.2070350428062175e-12,1.2070350428062175e-12,6.541095721421243e-12,6.541095721421243e-12,8.479470803626601e-12,8.479470803626601e-12,4.501223688610583e-12,4.501223688610583e-12,1.7952481350500062e-11,1.7952481350500062e-11,1.7696005348553727e-11,1.7696005348553727e-11,8.726657307766232e-12,8.726657307766232e-12,5.19469464311545e-12,5.19469464311545e-12,2.8404882073217043e-12,2.8404882073217043e-12,4.958428613257522e-13,4.958428613257522e-13,3.0317767978101185e-14,3.0317767978101185e-14
60953.37550055208,0.0,5.208396580093247,2980.0,2980.0,2.3828842298653825,8.451831658821525e-12,8.451831658821525e-12,2.3429322019477753e-12,2.3429322019477753e-12,1.4908866227485682e-12,1.4908866227485682e-12,1.4365890420093966e-11,1.4365890420093966e-11,5.467628240016613e-13,5.467628240016613e-13,1.334446717175622e-12,1.334446717175622e-12,6.917457650415784e-12,6.917457650415784e-12,8.8113567444584e-12,8.8113567444584e-12,4.62142862820754e-12,4.62142862820754e-12,1.8278990216887053e-11,1.8278990216887053e-11,1.801863816408195e-11,1.801863816408195e-11,8.875158700853863e-12,8.875158700853863e-12,5.275813125347954e-12,5.275813125347954e-12,2.8845142752984052e-12,2.8845142752984052e-12,5.016229007844218e-13,5.016229007844218e-13,3.0691727246633725e-14,3.0691727246633725e-14
